<?xml version="1.0" encoding="UTF-8"?>

<mule xmlns:jms="http://www.mulesoft.org/schema/mule/jms" xmlns:http="http://www.mulesoft.org/schema/mule/http"
	xmlns="http://www.mulesoft.org/schema/mule/core"
	xmlns:doc="http://www.mulesoft.org/schema/mule/documentation"
	xmlns:spring="http://www.springframework.org/schema/beans" xmlns:xsi="http://www.w3.org/2001/XMLSchema-instance" xsi:schemaLocation="http://www.springframework.org/schema/beans http://www.springframework.org/schema/beans/spring-beans-current.xsd
http://www.mulesoft.org/schema/mule/core http://www.mulesoft.org/schema/mule/core/current/mule.xsd
http://www.mulesoft.org/schema/mule/http http://www.mulesoft.org/schema/mule/http/current/mule-http.xsd
http://www.mulesoft.org/schema/mule/jms http://www.mulesoft.org/schema/mule/jms/current/mule-jms.xsd">
	<http:listener-config name="HTTP_Listener_config" doc:name="HTTP Listener config" doc:id="35c53f1d-3ec0-48e1-aaa7-c745ffe057ab" >
		<http:listener-connection host="0.0.0.0" port="8081" />
	</http:listener-config>
	<jms:config name="JMS_Config" doc:name="JMS Config" doc:id="5411c616-8b37-48d4-b875-2025440eef69" >
		<jms:active-mq-connection username="admin" password="admin">
			<jms:caching-strategy >
				<jms:default-caching />
			</jms:caching-strategy>
			<jms:factory-configuration brokerUrl="tcp://localhost:61616" />
		</jms:active-mq-connection>
		<jms:consumer-config >
			<jms:consumer-type >
				<jms:queue-consumer />
			</jms:consumer-type>
		</jms:consumer-config>
	</jms:config>
	<flow name="sending-json-to-a-jms-queueFlow" doc:id="144880b3-f27a-45f7-a186-3134e6bc3711" >
		<http:listener config-ref="HTTP_Listener_config" path="/*" doc:name="Listener" doc:id="3c99fddf-d45b-40ea-8252-e77aba4be2c6" />
		<jms:publish config-ref="JMS_Config" destination="sales" doc:name="Publish" doc:id="ae3a3ded-4fa9-4324-a5ca-0bf059d9f8e3" />
		<logger level="INFO" doc:name="Logger" doc:id="0712980f-93e0-489d-8ead-792da100761c" message="Successfully published!"/>
	</flow>
</mule>
