{
  "configs": [
    "netsuite-api.xml"
  ],
  "redeploymentEnabled": true,
  "name": "netsuite-data-retrieval",
  "minMuleVersion": "4.1.1",
  "requiredProduct": "MULE_EE",
  "classLoaderModelLoaderDescriptor": {
    "id": "mule",
    "attributes": {
      "exportedResources": [
        "api/customers-response.json",
        "api/items-response.json",
        "api/netsuite-api.raml",
        "api/opportunities-response.json"
      ]
    }
  },
  "bundleDescriptorLoader": {
    "id": "mule",
    "attributes": {}
  }
}